order,phase,filename,local_path,source_url,status
1,00 orientation/research methods,quantitative_research_methods.pdf,00_orientation_research_methods/quantitative_research_methods.pdf,https://github.com/priyanshupriyank04/Quant_Research_papers/blob/main/quantitative_research_methods.pdf,copied
2,01 numerical and mathematical foundations,numerical_methods_quantitative_finance.pdf,01_numerical_mathematical_foundations/numerical_methods_quantitative_finance.pdf,https://github.com/priyanshupriyank04/Quant_Research_papers/blob/main/numerical_methods_quantitative_finance.pdf,copied
3,01 numerical and mathematical foundations,market based portfolio variance.pdf,01_numerical_mathematical_foundations/market based portfolio variance.pdf,https://github.com/priyanshupriyank04/Quant_Research_papers/blob/main/market%20based%20portfolio%20variance.pdf,copied
4,02 portfolio risk and optimization,Minimum_variance_portfolio_construction.pdf,02_portfolio_risk_optimization/Minimum_variance_portfolio_construction.pdf,https://github.com/priyanshupriyank04/Quant_Research_papers/blob/main/Minimum_variance_portfolio_construction.pdf,copied
5,02 portfolio risk and optimization,Indian_portfolio_optimization.pdf,02_portfolio_risk_optimization/Indian_portfolio_optimization.pdf,https://github.com/priyanshupriyank04/Quant_Research_papers/blob/main/Indian_portfolio_optimization.pdf,copied
6,02 portfolio risk and optimization,portfolio optimisation in python.pdf,02_portfolio_risk_optimization/portfolio optimisation in python.pdf,https://github.com/priyanshupriyank04/Quant_Research_papers/blob/main/portfolio%20optimisation%20in%20python.pdf,copied
7,02 portfolio risk and optimization,Portfolio_construction_black_litterman_model.pdf,02_portfolio_risk_optimization/Portfolio_construction_black_litterman_model.pdf,https://github.com/priyanshupriyank04/Quant_Research_papers/blob/main/Portfolio_construction_black_litterman_model.pdf,copied
8,02 portfolio risk and optimization,Asset_allocation_using_stochastic_linear_programming.pdf,02_portfolio_risk_optimization/Asset_allocation_using_stochastic_linear_programming.pdf,https://github.com/priyanshupriyank04/Quant_Research_papers/blob/main/Asset_allocation_using_stochastic_linear_programming.pdf,copied
9,03 asset allocation and portfolio management,quantitative_multi_asset_portfolio_management.pdf,03_asset_allocation_portfolio_management/quantitative_multi_asset_portfolio_management.pdf,https://github.com/priyanshupriyank04/Quant_Research_papers/blob/main/quantitative_multi_asset_portfolio_management.pdf,copied
10,03 asset allocation and portfolio management,when-to-efficiently-rebalance-a-portfolio-xfla299ttj.pdf,03_asset_allocation_portfolio_management/when-to-efficiently-rebalance-a-portfolio-xfla299ttj.pdf,https://github.com/priyanshupriyank04/Quant_Research_papers/blob/main/when-to-efficiently-rebalance-a-portfolio-xfla299ttj.pdf,copied
11,04 empirical research and trading signals,the_cross-section_of_expected_stock_returns.pdf,04_empirical_research_trading_signals/the_cross-section_of_expected_stock_returns.pdf,https://github.com/priyanshupriyank04/Quant_Research_papers/blob/main/the_cross-section_of_expected_stock_returns.pdf,copied
12,04 empirical research and trading signals,Quant_analysis_pricemomentum_indianmarkets.pdf,04_empirical_research_trading_signals/Quant_analysis_pricemomentum_indianmarkets.pdf,https://github.com/priyanshupriyank04/Quant_Research_papers/blob/main/Quant_analysis_pricemomentum_indianmarkets.pdf,copied
13,04 empirical research and trading signals,Opening-range research paper.pdf,04_empirical_research_trading_signals/Opening-range research paper.pdf,https://github.com/priyanshupriyank04/Quant_Research_papers/blob/main/Opening-range%20research%20paper.pdf,copied
14,04 empirical research and trading signals,Correlation between overnight returns and overnight news.pdf,04_empirical_research_trading_signals/Correlation between overnight returns and overnight news.pdf,https://github.com/priyanshupriyank04/Quant_Research_papers/blob/main/Correlation%20between%20overnight%20returns%20and%20overnight%20news.pdf,copied
15,04 empirical research and trading signals,What happened to quants in august 07.pdf,04_empirical_research_trading_signals/What happened to quants in august 07.pdf,https://github.com/priyanshupriyank04/Quant_Research_papers/blob/main/What%20happened%20to%20quants%20in%20august%2007.pdf,copied
16,05 derivatives and volatility,black_scholes73.pdf,05_derivatives_volatility/black_scholes73.pdf,https://github.com/priyanshupriyank04/Quant_Research_papers/blob/main/black_scholes73.pdf,copied
17,05 derivatives and volatility,Forecasting_currency_options.pdf,05_derivatives_volatility/Forecasting_currency_options.pdf,https://github.com/priyanshupriyank04/Quant_Research_papers/blob/main/Forecasting_currency_options.pdf,copied
18,05 derivatives and volatility,Options-driven volatility forecasting.pdf,05_derivatives_volatility/Options-driven volatility forecasting.pdf,https://github.com/priyanshupriyank04/Quant_Research_papers/blob/main/Options-driven%20volatility%20forecasting.pdf,copied
19,05 derivatives and volatility,stochastic_volatility_models.pdf,05_derivatives_volatility/stochastic_volatility_models.pdf,https://github.com/priyanshupriyank04/Quant_Research_papers/blob/main/stochastic_volatility_models.pdf,copied
20,06 risk management,risk-factor-aggregation-and-stress-testing-2woi5ioh1j.pdf,06_risk_management/risk-factor-aggregation-and-stress-testing-2woi5ioh1j.pdf,https://github.com/priyanshupriyank04/Quant_Research_papers/blob/main/risk-factor-aggregation-and-stress-testing-2woi5ioh1j.pdf,copied
21,07 machine learning in finance,price prediction using lstm and portfolio allocation.pdf,07_machine_learning_finance/price prediction using lstm and portfolio allocation.pdf,https://github.com/priyanshupriyank04/Quant_Research_papers/blob/main/price%20prediction%20using%20lstm%20and%20portfolio%20allocation.pdf,copied
22,07 machine learning in finance,approximation and regression using DNNs in finance.pdf,07_machine_learning_finance/approximation and regression using DNNs in finance.pdf,https://github.com/priyanshupriyank04/Quant_Research_papers/blob/main/approximation%20and%20regression%20using%20DNNs%20in%20finance.pdf,copied
23,08 advanced theory,dynamic asset pricing using alpha MEU model.pdf,08_advanced_theory/dynamic asset pricing using alpha MEU model.pdf,https://github.com/priyanshupriyank04/Quant_Research_papers/blob/main/dynamic%20asset%20pricing%20using%20alpha%20MEU%20model.pdf,copied
